{"cameraMode":{"drawMode":0,"name":"Shaded","section":"Shading Mode"},"sceneLighting":true,"audioPlay":false,"sceneViewState":{"m_AlwaysRefresh":false,"showFog":true,"showSkybox":true,"showFlares":true,"showImageEffects":true,"showParticleSystems":true,"showVisualEffectGraphs":true,"m_FxEnabled":true},"in2DMode":false,"pivot":{"x":-1.0333744287490845,"y":2.7185096740722658,"z":16.01532745361328},"rotation":{"x":0.03665807843208313,"y":0.08832122385501862,"z":-0.0032527355942875149,"w":0.9954244494438171},"size":12.12435531616211,"orthographic":false}